{"anticipation": {"arousal": 4.973199483097995, "dominance": 4.837066050876697, "acousticness": 0.1767575725, "danceability": 0.467075, "energy": 0.64929, "instrumentalness": 0.12902780149999998, "key": 4.425, "liveness": 0.23695750000000002, "loudness": -8.34315, "mode": 0.625, "speechiness": 0.05619750000000001, "tempo": 125.3306}, "anger": {"arousal": 4.35363303816669, "dominance": 4.597275310979282, "acousticness": 0.25796066693359376, "danceability": 0.4366, "energy": 0.66704650390625, "instrumentalness": 0.4249427947070312, "key": 5.21484375, "liveness": 0.21873222656250002, "loudness": -9.644541015624998, "mode": 0.556640625, "speechiness": 0.0698181640625, "tempo": 119.065623046875}, "disgust": {"arousal": 4.947987583290943, "dominance": 4.942808487903911, "acousticness": 0.19827127979865772, "danceability": 0.5057114093959731, "energy": 0.737349800671141, "instrumentalness": 0.24216184583892617, "key": 5.053691275167785, "liveness": 0.22972147651006708, "loudness": -7.56461744966443, "mode": 0.6375838926174496, "speechiness": 0.10298993288590604, "tempo": 127.7768322147651}, "contempt": {"arousal": 5.496891916634462, "dominance": 4.4397637376962535, "acousticness": 0.0895194241011984, "danceability": 0.4539379494007989, "energy": 0.8099129560585887, "instrumentalness": 0.13757948199733686, "key": 5.552596537949401, "liveness": 0.24949081225033287, "loudness": -6.570029294274302, "mode": 0.6364846870838882, "speechiness": 0.10948229027962718, "tempo": 128.5762636484687}, "sadness": {"arousal": 3.609632959794014, "dominance": 4.602324648102577, "acousticness": 0.4040551087620157, "danceability": 0.46581412758520246, "energy": 0.4914137323041072, "instrumentalness": 0.2960707096446257, "key": 5.173317797844451, "liveness": 0.1804534809204777, "loudness": -11.126920186425869, "mode": 0.6221963297407516, "speechiness": 0.06068738712496359, "tempo": 118.59977221089426}, "remorse": {"arousal": 3.9870543962242984, "dominance": 5.513809315327, "acousticness": 0.3766395484322034, "danceability": 0.5111919491525424, "energy": 0.5343612429378531, "instrumentalness": 0.26181835531073444, "key": 5.271186440677966, "liveness": 0.17160706214689267, "loudness": -10.397721751412428, "mode": 0.5903954802259888, "speechiness": 0.051913418079096045, "tempo": 117.25254096045198}, "surprise": {"arousal": 5.325, "dominance": 6.055, "acousticness": 0.5056025, "danceability": 0.4865, "energy": 0.7055, "instrumentalness": 0.41800154, "key": 7.25, "liveness": 0.34675, "loudness": -13.0595, "mode": 0.75, "speechiness": 0.06145, "tempo": 110.0365}, "fear": {"arousal": 3.147279308749133, "dominance": 4.122626746059092, "acousticness": 0.4365893603956834, "danceability": 0.42478081534772183, "energy": 0.4867674736211031, "instrumentalness": 0.4229758400959233, "key": 5.143884892086331, "liveness": 0.1835104316546763, "loudness": -11.743098321342927, "mode": 0.579136690647482, "speechiness": 0.0501847721822542, "tempo": 117.45393884892087}, "awe": {"arousal": 5.129551480779896, "dominance": 4.647957807582582, "acousticness": 0.28685475, "danceability": 0.530125, "energy": 0.7072499999999999, "instrumentalness": 0.45184060875, "key": 3.0, "liveness": 0.1643, "loudness": -6.666, "mode": 0.75, "speechiness": 0.0527125, "tempo": 126.831375}, "trust": {"arousal": 3.2677996830200318, "dominance": 5.602663737416196, "acousticness": 0.45486482333333333, "danceability": 0.4931137588652483, "energy": 0.4871578581560284, "instrumentalness": 0.17841407005673757, "key": 5.001418439716312, "liveness": 0.18195929078014184, "loudness": -11.089514893617022, "mode": 0.6978723404255319, "speechiness": 0.05719801418439717, "tempo": 116.97883687943262}, "submission": {"arousal": 3.151801075268817, "dominance": 4.4077956989247316, "acousticness": 0.8, "danceability": 0.48425, "energy": 0.2384, "instrumentalness": 0.1445, "key": 4.0, "liveness": 0.1089, "loudness": -14.492, "mode": 1.0, "speechiness": 0.04955, "tempo": 151.8295}, "joy": {"arousal": 4.613533624767811, "dominance": 5.888494796355584, "acousticness": 0.3667691246729238, "danceability": 0.5543840443686007, "energy": 0.5890335153583617, "instrumentalness": 0.13880668142775882, "key": 5.158703071672355, "liveness": 0.22286168941979523, "loudness": -9.696884243458474, "mode": 0.7204209328782708, "speechiness": 0.11044562002275313, "tempo": 121.01362030716724}, "optimism": {"arousal": 5.360042088742473, "dominance": 6.344365375487785, "acousticness": 0.1556091127790433, "danceability": 0.597487471526196, "energy": 0.7566126423690206, "instrumentalness": 0.056288767323462406, "key": 5.068337129840547, "liveness": 0.20175022779043278, "loudness": -6.2778724373576305, "mode": 0.7505694760820045, "speechiness": 0.07820523917995444, "tempo": 127.24741116173121}, "love": {"arousal": 3.4474262506144653, "dominance": 5.645700063656952, "acousticness": 0.46230250052413796, "danceability": 0.480462, "energy": 0.46722181793103446, "instrumentalness": 0.24364256582758617, "key": 5.115172413793103, "liveness": 0.17674317241379311, "loudness": -11.29721172413793, "mode": 0.7055172413793104, "speechiness": 0.051716137931034474, "tempo": 118.05969862068967}}